motif_id	motif_alt_id	sequence_name	start	stop	strand	score	p-value	q-value	matched_sequence
M07294_2.00	TCP7	ATML1_enhancer_full	354	364	-	10.4082	4.12e-05	0.0835	ATTGGTCCTAC
M07279_2.00	TCP22	ATML1_enhancer_full	352	364	-	8.32653	0.000113	0.229	ATTGGTCCTACTC
M07284_2.00	TCP13	ATML1_enhancer_full	242	254	+	8.54082	0.000116	0.174	ttcaggaccattt
M07281_2.00	TCP9	ATML1_enhancer_full	354	364	-	7.0102	0.000158	0.321	ATTGGTCCTAC
M07284_2.00	TCP13	ATML1_enhancer_full	353	365	+	7.54082	0.000172	0.174	agtaggaccaatt
M07278_2.00	TCP15	ATML1_enhancer_full	352	364	-	6.46939	0.00023	0.466	ATTGGTCCTACTC
M07285_2.00	TCP20	ATML1_enhancer_full	344	364	+	6.54082	0.000233	0.426	tataggtggagtaggaccaat
M07289_2.00	TCP14	ATML1_enhancer_full	345	364	+	-4.42857	0.000234	0.471	ataggtggagtaggaccaat
M02500_2.00	TCP3	ATML1_enhancer_full	244	253	+	9.03061	0.00029	0.544	caggaccatt
M07293_2.00	TCP21	ATML1_enhancer_full	353	364	-	4.91837	0.000323	0.655	ATTGGTCCTACT
M02505_2.00	TCP5	ATML1_enhancer_full	245	252	+	5.95413	0.000347	0.672	aggaccat
M07280_2.00	TCP22	ATML1_enhancer_full	352	364	-	5.05102	0.000349	0.706	ATTGGTCCTACTC
M07288_2.00	TCP16	ATML1_enhancer_full	244	254	+	6.36735	0.00035	0.71	caggaccattt
M07286_2.00	TCP20	ATML1_enhancer_full	353	364	-	4.56122	0.000376	0.763	ATTGGTCCTACT
M07274_2.00	TCP3	ATML1_enhancer_full	242	253	+	4.39796	0.000409	0.558	ttcaggaccatt
M07285_2.00	TCP20	ATML1_enhancer_full	354	374	-	4.91837	0.000425	0.426	TGACGACTAAATTGGTCCTAC
M07292_2.00	TCP21	ATML1_enhancer_full	353	366	-	4.97959	0.000441	0.891	AAATTGGTCCTACT
M07273_2.00	TCP24	ATML1_enhancer_full	353	364	+	4.97959	0.000454	0.52	agtaggaccaat
M02499_2.00	TCP24	ATML1_enhancer_full	353	362	+	6.91603	0.00047	0.953	agtaggacca
M00892_2.00	TCP15	ATML1_enhancer_full	354	363	-	8.20161	0.00047	0.954	TTGGTCCTAC
M07277_2.00	TCP15	ATML1_enhancer_full	352	364	-	4.70408	0.000509	1	ATTGGTCCTACTC
M07273_2.00	TCP24	ATML1_enhancer_full	242	253	+	4.54082	0.000513	0.52	ttcaggaccatt
M07291_2.00	TCP17	ATML1_enhancer_full	242	252	+	3.78571	0.000513	0.548	ttcaggaccat
M02500_2.00	TCP3	ATML1_enhancer_full	355	364	+	8.17347	0.000536	0.544	taggaccaat
M07291_2.00	TCP17	ATML1_enhancer_full	353	363	+	3.62245	0.00054	0.548	agtaggaccaa
M07274_2.00	TCP3	ATML1_enhancer_full	353	364	+	3.16327	0.000551	0.558	agtaggaccaat
M07275_2.00	TCP3	ATML1_enhancer_full	242	254	+	3.18367	0.000583	1	ttcaggaccattt
M02501_2.00	TCP4	ATML1_enhancer_full	245	252	+	4.09174	0.000622	0.632	aggaccat
M02501_2.00	TCP4	ATML1_enhancer_full	356	363	+	4.09174	0.000622	0.632	aggaccaa
M02505_2.00	TCP5	ATML1_enhancer_full	356	363	+	-0.0733945	0.000744	0.672	aggaccaa
M07276_2.00	TCP1	ATML1_enhancer_full	336	365	+	0.530612	0.000748	1	gtatattgtataggtggagtaggaccaatt
M01311_2.00	TCP8	ATML1_enhancer_full	354	362	-	7.48485	0.00084	1	TGGTCCTAC
M07282_2.00	TCP9	ATML1_enhancer_full	345	365	-	-0.234694	0.000847	1	AATTGGTCCTACTCCACCTAT
M07290_2.00	TCP17	ATML1_enhancer_full	580	590	-	2.52041	0.000853	1	GCTCGGACCTC
M07288_2.00	TCP16	ATML1_enhancer_full	735	745	-	3.94898	0.000958	0.971	AAGGTTCACAA
M00893_2.00	TCP16	ATML1_enhancer_full	244	252	+	6.71963	0.000973	1	caggaccat
M02501_2.00	TCP4	ATML1_enhancer_full	980	987	-	3.74312	0.000977	0.662	TGAACCAC
M02505_2.00	TCP5	ATML1_enhancer_full	580	587	-	-0.366972	0.000992	0.672	CGGACCTC
M02502_2.00	TCP20	ATML1_enhancer_full	352	361	-	6.77551	0.000997	1	GGTCCTACTC

# FIMO (Find Individual Motif Occurrences): Version 5.3.0 compiled on Apr 12 2021 at 08:27:53
# The format of this file is described at http://meme-suite.org/doc/fimo-output-format.html.
# fimo --thresh .001 PWM_MEME_TCP.txt ATML1_enhancer
